metric,estimate,ci_lower_95,ci_upper_95
automation_coverage,0.892,0.8766666666666667,0.9076833333333333
empirical_set_coverage,0.892,0.8769833333333333,0.9073333333333333
empirical_class_zero_coverage,0.8888888888888888,0.8739557638193352,0.9041632124389554
empirical_class_one_coverage,0.9803921568627451,0.9325378787878787,1.0
selective_risk,0.004484304932735426,0.0014853049702657714,0.00819413650527325
system_accuracy_assuming_correct_review,0.996,0.9926666666666667,0.9986666666666667
proposed_mean_cost,0.07066666666666667,0.05115833333333333,0.10603333333333331
baseline_mean_cost,0.09666666666666666,0.042666666666666665,0.17768333333333333
cost_reduction_vs_baseline,0.025999999999999995,-0.02733333333333333,0.09387499999999996
